Workbook

Sheet concentration
A1: sample | B1: expected concentration (ppb) | C1: actual concentration (ppb) | D1: acid added (ml) | E1: dilution 1 | F1: dilution 2 | G1: before dilutions | H1: % per organ | J1: ng V/g dry weight
A2: C1 | B2: 15 | C2: 23.163964 | D2: 2 | E2: 0.055555556 | F2: 2.3:10
A3: C2 | B3: 15 | C3: 27.84747 | D3: 2 | E3: 0.055555556 | F3: 2.3:10
A4: C3 | B4: 15 | C4: 15.179861 | D4: 2 | E4: 0.055555556 | F4: 2.3:10
A5: C4 | B5: 15 | C5: 14.126208 | D5: 2 | E5: 0.055555556 | F5: 2.3:10
A7: A1 - bottom applied leaves | B7: 75 | C7: 31.631277 | D7: 2 | E7: 0.097222222 | F7: 0.048611111 | G7: =C7*10*10 -> 3163.1277 | H7: =C7/C15 -> 0.23292839 | I7: =H7*100 -> 23.292839 | J7: =C7*1000/weights!D2 -> 1205.2306
A8: A2 - top applied leaves | B8: 75 | C8: 30.767743 | D8: 2 | E8: 0.097222222 | F8: 0.048611111 | G8: =C8*10*10 -> 3076.7743 | H8: =C8/C15 -> 0.22656944 | I8: =H8*100 -> 22.656944 | J8: =C8*1000/weights!D3 -> 1180.922
A9: B - upper leaves and shoot | B9: 15 | C9: 1.4052579 | D9: 2 | E9: 0.097222222 | F9: 1 | G9: =C9*10 -> 14.052579 | H9: =C9/C15 -> 0.010348127 | I9: =H9*100 -> 1.0348127 | J9: =C9*1000/weights!D4 -> 54.121237
A10: C - applied trunk | B10: 15 | C10: 0.13571557 | D10: 2 | E10: 0.097222222 | F10: 0.048611111 | G10: =C10*10*10 -> 13.571557 | H10: =C10/C15 -> 0.00099939086 | I10: =H10*100 -> 0.099939086 | J10: =C10*1000/weights!D5 -> 5.2074119
A11: D - lower trunk | B11: 15 | C11: 15.352895 | D11: 2 | E11: 0.097222222 | F11: 1 | G11: =C11*10 -> 153.52895 | H11: =C11/C15 -> 0.11305661 | I11: =H11*100 -> 11.305661 | J11: =C11*1000/weights!D6 -> 530.81958
A12: H - lower leaves | B12: 15 | C12: 14.338459 | D12: 2 | E12: 0.097222222 | F12: 1 | G12: =C12*10 -> 143.38459 | H12: =C12/C15 -> 0.10558645 | I12: =H12*100 -> 10.558645 | J12: =C12*1000/weights!D7 -> 544.93993
A13: E1 - main roots | B13: 15 | C13: 11.219339 | D13: 2 | E13: 0.097222222 | F13: 1 | G13: =C13*10 -> 112.19339 | H13: =C13/C15 -> 0.082617677 | I13: =H13*100 -> 8.2617677 | J13: =C13*1000/weights!D8 -> 396.49912
A14: E2 - small roots | B14: 15 | C14: 30.947602 | D14: 2 | E14: 0.097222222 | F14: 1 | G14: =C14*10 -> 309.47602 | H14: =C14/C15 -> 0.22789391 | I14: =H14*100 -> 22.789391 | J14: =C14*1000/weights!D9 -> 1170.0859
C15: =SUM(C7:C14) -> 135.79829 | G15: =SUM(G2:G14) -> 6986.1091 | J15: =SUM(J7:J14) -> 5087.8258
A17: total expected concentration | B17: 150 | H17: organ | I17: percent V
A18: extraction efficiency | B18: =C15/B17 -> 0.90532193 | C18: =B18*100 -> 90.532193 | H18: leaves | I18: =SUM(I7:I9,I12) -> 57.543241
H19: trunk | I19: =SUM(I10:I11) -> 11.4056
H20: roots | I20: =SUM(I13:I14) -> 31.051158

Sheet weights
B1: Boat | C1: Initial Weight | D1: Weight after drying | E1: Weight after combustion
A2: A1 | B2: 25.363 | C2: 28.195 | D2: 26.245 | E2: 25.496
A3: A2 | B3: 25.131 | C3: 28.46 | D3: 26.054 | E3: 25.263
A4: B | B4: 25.125 | C4: 28.97 | D4: 25.965 | E4: 25.273
A5: C | B5: 25.233 | C5: 27.451 | D5: 26.062 | E5: 25.299
A6: D | B6: 25.075 | C6: 32.953 | D6: 28.923 | E6: 25.238
A7: H | B7: 25.275 | C7: 28.381 | D7: 26.312 | E7: 25.442
A8: E1 | B8: 25.05 | C8: 33.421 | D8: 28.296 | E8: 25.194
A9: E2 | B9: 25.175 | C9: 32.554 | D9: 26.449 | E9: 25.303
A10: g1 | B10: 25.031 | D10: 25.022 | E10: 25.032
A11: g2 | B11: 24.701 | D11: 24.695 | E11: 24.698
A12: g3 | B12: 24.958 | D12: 24.953 | E12: 24.958
A13: avg g difference | D13: =(B12-D12 + B11-D11 + B10-D10)/3 -> 0.0066666667 | E13: =(B10-E10 + B11-E11 + B12-E12)/3 -> 0.00066666667
A16: w/o boat | B16: Initial Weight | C16: Weight after drying | D16: Weight after combustion | E16: weight (mg)
A17: A1 | B17: =C2-B2 -> 2.832 | C17: =D2-B2 -> 0.882 | D17: =E2-B2 -> 0.133 | E17: =D17*1000 -> 133
A18: A2 | B18: =C3-B3 -> 3.329 | C18: =D3-B3 -> 0.923 | D18: =E3-B3 -> 0.132 | E18: =D18*1000 -> 132
A19: B | B19: =C4-B4 -> 3.845 | C19: =D4-B4 -> 0.84 | D19: =E4-B4 -> 0.148 | E19: =D19*1000 -> 148
A20: C | B20: =C5-B5 -> 2.218 | C20: =D5-B5 -> 0.829 | D20: =E5-B5 -> 0.066 | E20: =D20*1000 -> 66
A21: D | B21: =C6-B6 -> 7.878 | C21: =D6-B6 -> 3.848 | D21: =E6-B6 -> 0.163 | E21: =D21*1000 -> 163
A22: H | B22: =C7-B7 -> 3.106 | C22: =D7-B7 -> 1.037 | D22: =E7-B7 -> 0.167 | E22: =D22*1000 -> 167
A23: E1 | B23: =C8-B8 -> 8.371 | C23: =D8-B8 -> 3.246 | D23: =E8-B8 -> 0.144 | E23: =D23*1000 -> 144
A24: E2 | B24: =C9-B9 -> 7.379 | C24: =D9-B9 -> 1.274 | D24: =E9-B9 -> 0.128 | E24: =D24*1000 -> 128
